x_m,y_m,vx_mps,heading_rad,kappa_radpm
-7.3921607059295775,0.30191478002003985,2.336719393527217,0.23589667370234038,-1.7966175581405779
-7.297841650934028,0.31682439574189425,2.6382299983296007,0.08430609241126553,-1.3628590548050779
-7.202384020838792,0.31989459878667925,2.9086521834152337,-0.007244761699432019,-0.6333653793042223
-7.107016114454623,0.3152608225452358,2.8312603657339106,-0.10027216796753549,-1.188411878277364
-7.01253490380533,0.3011306476503791,2.4730619196808874,-0.18876217399848502,-0.8310062243443012
-6.9200687295904215,0.2772681837690378,2.0532986286888995,-0.34065991581209765,-2.3268296354994926
-6.8340739133642865,0.23578676359066236,2.132209503619237,-0.5563065106373186,-2.1577894064743792
-6.7578592609832775,0.1782299670353043,2.4589260597513283,-0.7250143556986928,-1.4233658469195132
-6.690607143882635,0.11041791916013542,2.747056127443375,-0.8506354895087342,-1.224794740328785
-6.632231581152734,0.03483426215647962,2.5796061335527867,-0.9797595168876826,-1.47421868375646
-6.584749613354366,-0.04801221561072141,2.6042422115380752,-1.121108193675523,-1.446458437431945
-6.548587647922537,-0.1364020502426866,2.8778598812931673,-1.2361624347189955,-0.9726572072868905
-6.520851668077023,-0.2277834262156456,3.1276312916257765,-1.3097701422642944,-0.5934277192965927
-6.498471767136181,-0.3206277377971692,3.358880393279392,-1.3536826030850724,-0.18751867123181698
-6.477021728797221,-0.4136822391363574,3.4403528287215455,-1.3170791956840133,0.8288243747842748
-6.449537962031171,-0.5051465610738581,3.5331923055533365,-1.241790026895015,0.7858395869687781
-6.415049442484306,-0.5941938676192708,3.257961575393588,-1.1582298644867142,0.9242226799264408
-6.372973705428627,-0.6799229323199084,3.312944956357675,-1.0713077031830913,0.8937994456328414
-6.323736960591687,-0.7617501354019978,3.323495256768372,-0.9870793627249864,0.8881337863658335
-6.267727770557999,-0.8390992516853729,3.3123190764007755,-0.9009261586305637,0.8941372540524843
-6.205360700948219,-0.9114123636206054,3.5314951031947484,-0.8189950224195518,0.7863869096725438
-6.13766432603769,-0.9787967568066412,3.268330550370571,-0.7451200516581622,0.918367672092188
-6.064393916172251,-1.0400110407578733,3.2071478517861913,-0.6465778039234659,0.9537412984975921
-5.985818302749503,-1.0943174087298646,3.3231580695851832,-0.5637692000547804,0.8883140262782976
-5.902937227216393,-1.1417457521127454,3.251953334893117,-0.4752343796441408,0.9276409872249233
-5.816178022933966,-1.1816621840647383,3.270735400491733,-0.3873358071214595,0.9170176839007169
-5.726255087822242,-1.2138165074622809,3.233333903282873,-0.29910897006386594,0.9383555615231423
-5.633815541906019,-1.2377986683533144,3.2011666225769244,-0.20830829974661172,0.9573086733392856
-5.539597932395373,-1.253372711125857,3.4274579130166654,-0.12228829075324375,0.7935052244862767
-5.444467715078599,-1.2617831305065996,3.6397070961137183,-0.05798164545884149,0.5496057147892319
-5.349020191639278,-1.2650803782827298,3.8402431883281243,-0.012458662112929808,0.4456365410183656
-5.253523536622538,-1.264338474471986,4.030814774397424,0.026410071832526152,0.3514440294508878
-5.158103283509783,-1.260349747631688,4.212774352549701,0.05664503848478418,0.312903044919892
-5.062847072622285,-1.2535431002754849,4.387193607022667,0.0847473659077887,0.2377098181181749
-4.967770603562857,-1.2445267206404833,4.554938830050362,0.10437742462418223,0.23056863903210997
-4.872907222738329,-1.2335286538548829,4.716722139950641,0.12388815942165124,0.09027337302212252
-4.778156581731925,-1.2215657610405986,4.873137361649121,0.12799360495871495,0.10568135305349885
-4.68352687449257,-1.2087078685254868,5.024685835502609,0.1418639166379768,0.1030334998806193
-4.589034213207294,-1.194856231524451,5.171795408318136,0.15033451967794534,0.15824541773153547
-4.494751116331159,-1.1796615040698237,5.31483468656369,0.16889006406191695,0.15596267928968213
-4.400704665563315,-1.1630559809076846,5.1719152276603575,0.17969599075164244,0.09153291237131381
-4.306824746788207,-1.14552509370085,4.984847753152055,0.19215306432224083,0.24252337285603548
-4.213349610279694,-1.125972554588231,4.79048088631038,0.2194639729319735,0.22235467771235592
-4.120318652519657,-1.1043881955371548,4.58788699970968,0.2357554372477058,0.1618635271897703
-4.027648318389237,-1.0813069036702097,4.375923573613356,0.25368047718382947,0.23119946603231806
-3.9355171817870023,-1.0561689627914275,4.153156284334251,0.28088796436260943,0.34422373098836745
-3.8442913024844376,-1.0278938917815397,3.917742605392178,0.32524018067331995,0.639140780604551
-3.7546509147912093,-0.9949805382824523,4.104717666552121,0.36467680498641486,-0.09310479016550041
-3.664974886809978,-0.9621344165980621,4.283539088429693,0.33657793705462064,-0.268733807545703
-3.5745181862432003,-0.9315085570566505,4.4551887863596855,0.31943664441514796,-0.08053177466700313
-3.4837379894054,-0.901853035166806,4.620466115242604,0.3107223910903671,-0.13815781812360078
-3.3925831430660254,-0.8733705168064062,4.780032125635254,0.29383424005972203,-0.21246714347186954
-3.3009390950166506,-0.8465048690655528,4.934440912819311,0.27880208175440735,-0.08292419754990919
-3.2091000066860094,-0.8203123566577222,5.0841623815634645,0.27990088038898137,0.10752668289470488
-3.1174251800342874,-0.7935511540459257,5.229599135890348,0.2865666379818558,0.019704747926524525
-3.025842106676531,-0.7664773759997822,5.371099247091332,0.28826262081418297,0.0164003094133311
-2.934288789454573,-0.7393031366249836,5.508966066523288,0.2882833252553697,-0.016140015029992134
-2.8426908161841897,-0.712279924739878,5.64346587852758,0.2848464028709263,-0.05650356833304942
-2.7509446130058715,-0.6857636334014827,5.774833947578499,0.27701729398731123,-0.11578865249268463
-2.6588858794511445,-0.660356200889508,5.903279353215895,0.2595491842493657,-0.21636275298524194
-2.566403166374451,-0.6365345340514258,6.0289888971622,0.2473660799501239,-0.058711105423730106
-2.4737599558956744,-0.6133472307772058,6.152130291379164,0.2437678437779341,-0.02290878720494165
-2.3810558187002697,-0.590404034404028,6.272854782481823,0.24144584761543406,-0.018967466918511398
-2.2883214115702617,-0.5675826686027566,6.391299329722015,0.24152658254165205,-0.017858459364850424
-2.195508951731737,-0.5450840280579579,6.507588425992004,0.23197728791444305,-0.11374844098286456
-2.1025204481736037,-0.523320316448311,6.621835630858341,0.23033342269580237,0.011564242015866632
-2.0095119343122017,-0.5016448360913,6.489425009919976,0.22643908527886503,-0.03079259715782187
-1.9164821722285028,-0.4800602712838652,6.341343466441073,0.23171675393472485,0.08696434094300971
-1.8236056575771944,-0.4578247159196775,6.189720265034187,0.237081767759219,0.00537212092573801
-1.7307291491155443,-0.4355891130072944,6.034288438529839,0.23047329942242084,-0.14789450562858378
-1.6375470689820248,-0.4146690896225981,5.874745693166206,0.2089694948353079,-0.2842427108340181
-1.5438452970455532,-0.3962291288525406,6.001052987549342,0.18021492388922158,-0.2199035683953036
-1.4497972777316495,-0.37962636005451617,6.124756073459162,0.17238527555082142,-0.04093590214804668
-1.3556624496353225,-0.3635270516722505,6.246009682939572,0.16479169330047666,-0.1471421357806476
-1.2613134102092665,-0.3487500795153887,6.364953806538968,0.1456638338478947,-0.1377296973696205
-1.1667918199899883,-0.3351021151895415,6.333217931783876,0.14324997062358655,-0.017060199114678185
-1.0722406655390815,-0.3216607392595711,6.181395422675113,0.14032301345393455,0.06855196355274679
-0.9777954469807589,-0.3075161355247164,6.02574886395615,0.16020459960465702,0.2461559757237582
-0.8836813808204084,-0.2912808348405015,5.865973863858314,0.1815829557193412,0.2701057090122176
-0.7900310886107784,-0.27259367645052124,5.701723368549972,0.2120104630745595,0.23336069660322584
-0.6967913960483997,-0.2519222291649203,5.532598790032479,0.22109380679181853,0.03775683747667499
-0.6036501219807356,-0.2308281433781194,5.358138610699507,0.22436851198311758,0.03938258962205457
-0.5105769302340506,-0.20942550343099997,5.177803527700607,0.22581107613027854,-0.08034490371744188
-0.41734799999372574,-0.1887302230661182,4.990956759126335,0.20987548879227313,-0.15066788088785937
-0.3238153949975379,-0.16941713060573935,4.796837434338259,0.1947443865228563,-0.3059252784536275
-0.2297728634113291,-0.15282520140354208,4.594523846000676,0.15208946250530112,-0.464715387627873
-0.1350847648150655,-0.1403702908514458,4.688856173372393,0.10971723947601743,-0.4462047728318882
-0.03996280618226496,-0.1319051414473141,4.8461708816933395,0.06954118443230863,-0.3469279697102227
0.05539578899200587,-0.1266312077642205,4.998537007422512,0.04186773597026325,-0.284088122893461
0.15085828448735603,-0.12396217179871238,5.146394098256798,0.014047887642665059,-0.28358045864510856
0.24636039454825157,-0.1238722717702396,5.290120245757406,-0.01186525028368333,-0.2651936654363574
0.3418323119248902,-0.12620214461547566,5.43004348183073,-0.03659751210356105,-0.24238638142280375
0.4372272494855254,-0.13073969001367533,5.566450593921804,-0.05842634353999003,-0.24915437554689102
0.5324802436431932,-0.13759364364994658,5.699594039453372,-0.08618672162129995,-0.2958380131565715
0.6275122225077151,-0.14706897432535576,5.759379362031806,-0.11234657942214939,-0.2957441530493513
0.7222270154401109,-0.15926805069179087,5.766410835041442,-0.1434771653189155,-0.24926207831731925
0.8166494328073981,-0.17360061449429923,5.59924047692929,-0.15493162958582338,-0.09401245287503193
0.9109116767841496,-0.18892385047047444,5.426923061780344,-0.1681247780114771,-0.12136658305928312
1.00501216200043,-0.205219061332304,5.248951697099464,-0.17241286712632517,0.02851673162130631
1.0991624064247019,-0.22124168225546298,5.06473038951565,-0.16122348699836206,0.25824895796818126
1.1936743055348777,-0.23491482382194184,4.873550442796643,-0.12324639947603673,0.41302565144637005
1.2886438042383932,-0.24500328351131714,5.025086458806789,-0.0899044409687265,0.3235342714693922
1.383875906902293,-0.2521362372239455,5.172184636928902,-0.06075599870682666,0.24973931695563933
1.4792541005328304,-0.2570130611621304,5.31521344053871,-0.04294365068945867,0.15959950554117197
1.57469464067556,-0.26039485794944833,5.45449300288151,-0.02815869518413182,0.14057536098974685
1.6701725668285239,-0.26250957228763133,5.590303562283837,-0.016793886942851905,0.09976574984906904
1.765666023683682,-0.2637096994455146,5.722892093905262,-0.00888489502899838,0.06527859579191082
1.8611651728147098,-0.2643161129015068,5.76122455575981,-0.0043953841771389,0.028871926929870874
1.9566655943723725,-0.2646587112741455,5.593899210916283,-0.0033501255925092043,-0.00699137467356147
2.052165777520236,-0.26506512593537956,5.421412028419332,-0.005733161555941151,-0.04297427404047229
2.147663474574419,-0.2658639473748548,5.243253606482316,-0.011574689359225992,-0.07917750815682942
2.2431524899138493,-0.2673824863033614,5.058824802450646,-0.02077495068352144,-0.11385280970325898
2.338619076452963,-0.2699491625757471,4.867412904396936,-0.03365105151577842,-0.15572735636973464
2.4340387337304734,-0.2738911230752428,4.668158992781824,-0.04912678251594316,-0.16836306074380816
2.5293749661478073,-0.2795093630583701,4.460012150419527,-0.07050505648070547,-0.2839538896894666
2.6245323565554157,-0.2875927109051858,4.241663397994921,-0.09928184955593679,-0.30990521839770374
2.71936885527507,-0.298843389566876,4.011447168029242,-0.14198010369335978,-0.6096297344868692
2.8135087577867957,-0.31490477907261144,4.194247057803084,-0.19298614495536065,-0.43913910087636204
2.9068387101959035,-0.33515451274291935,4.369405952974595,-0.23439587254930278,-0.4360164003891441
2.9992391979035418,-0.35928982755642275,4.279408826626133,-0.2769028341907028,-0.45488730370994057
3.090526709575693,-0.38734217247459846,4.051338038895996,-0.31885774841631576,-0.4290526318404158
3.180505869110361,-0.4193436733344988,3.809637765641985,-0.3669038341107524,-0.574045851911113
3.2686323990193316,-0.4561413205052679,3.551526419077529,-0.42550366201729173,-0.6696283594960265
3.354133518024046,-0.4986828952263192,3.2731238756584906,-0.5020019985625975,-0.9156798321791548
3.4356768109330247,-0.5483875573959591,3.173985562214882,-0.5942833744230779,-0.9737751053408906
3.5125106553265772,-0.6051180569109382,3.4020852942200785,-0.6730335885751695,-0.701045004429559
3.5850244877868387,-0.6672659642555159,3.4394727686959556,-0.7461726551730495,-0.8292485731702913
3.6524877575564814,-0.7348657146173526,3.3560820267104963,-0.8273095485340144,-0.8709703580511304
3.714277216696684,-0.8076827985632518,3.154784492450474,-0.9049430755848223,-0.7489087927060248
3.7700977781044465,-0.8851888254461774,2.837721831646998,-0.9964604110022793,-1.2182292087445195
3.817062738725901,-0.968332771822218,2.862710180518609,-1.1155104607658677,-1.1970543788274304
3.854323275733203,-1.056263685957597,3.1136970915047093,-1.2213028494938627,-1.0074564401622452
3.883001383874066,-1.1473541418262017,3.345909379771796,-1.3064983704413933,-0.7735164475274651
3.9050375579161476,-1.2402769702721572,3.563019727372399,-1.3637196077355407,-0.4203844099035843
3.922358324173405,-1.3341969601314512,3.5021546866111732,-1.4198061459174558,-0.7998302316018374
3.9332526335608025,-1.429071251004883,3.7101330769869434,-1.49012088021402,-0.6403273614992259
3.937983112382134,-1.5244550992608537,3.5187351159129716,-1.5529962359958651,-0.6781679603723333
3.9363457192192035,-1.6199437463214823,3.2375139869904923,-1.6254984388911355,-0.8411784504736836
3.9268644090878,-1.7149722702636798,2.9294191943044057,-1.7198931793107428,-1.1431562149227246
3.907373315070883,-1.8084583138312742,2.8031825260287824,-1.834411605108956,-1.2484349117931697
3.877151726583745,-1.899048708016179,2.8805461837987183,-1.9499848095550578,-1.1822762209061866
3.8366407617271494,-1.9855255012438735,2.7318413039791403,-2.0702274732489134,-1.3144913812555932
3.785936948658725,-2.0664511428185413,2.9167916535594327,-2.1883118969796067,-1.1530756833059896
3.7266949954821724,-2.1413591844175586,3.1634907223309456,-2.2882358278509134,-0.9570632006889862
3.6607139014118277,-2.2104079662703566,3.1665047255335566,-2.3783051659315686,-0.9445206178269587
3.5885336368408343,-2.272941085857052,2.850745898326672,-2.4813705870216904,-1.2071232959731792
3.509811609674389,-2.327009709330906,2.7647897465511124,-2.598990447670965,-1.282429056035944
3.4248328952356646,-2.370571082545976,2.3966773547213576,-2.744428833659484,-1.7078495445853574
3.334252484630072,-2.400809653580388,2.691479582429368,-2.887770165640639,-1.2776950067947197
3.2406934406041477,-2.419979592577663,2.957036073948738,-2.9820724864491357,-0.7206247788596546
3.146011732714379,-2.4324712020208197,3.200634678096544,-3.032751701947705,-0.3575483869010011
3.0509318345087326,-2.441430171636056,3.426961094415016,-3.0603475325215057,-0.21338144592640898
2.955721259215187,-2.4488726831394065,3.6392392532827746,-3.0598627619158747,0.22352789123123953
2.8606563898956194,-2.457985396173987,3.839799778977306,-3.0293349205606925,0.4047361719701748
2.76598982154361,-2.470572677838921,4.030392331105517,-2.9890103918561124,0.40328791221127147
2.6717835107084666,-2.486251694298619,4.212370157362025,-2.9710826449322827,0.02202407529986216
2.577770663944559,-2.503037700919665,4.386805482652972,-2.9540275310138306,0.2642557741075329
2.484081050520759,-2.521555184741758,4.554565000374259,-2.943817337477773,-0.02760222849868043
2.390388550561872,-2.5400534862255544,4.71636113361076,-2.951136742507814,-0.13885753600338974
2.296445463384813,-2.5572250478914222,4.8727879435323445,-2.972700183183126,-0.22779025283236584
2.202215618623659,-2.572762181962917,5.024346956832716,-2.978733809609437,0.033146889446784886
2.107953240008426,-2.588091208394668,4.952637269167923,-2.984836082056276,-0.0941088541997886
2.0136437410149743,-2.603127663765407,4.756954479491169,-2.9770440520156405,0.17366200867750584
1.9195200191776824,-2.6192914120677138,4.552868976804747,-2.968291099017952,0.06394602998821977
1.8255489933332836,-2.636320757736396,4.339195307882684,-2.953257034589615,0.27369652034103353
1.7320885353468864,-2.655948892809499,4.114439927857873,-2.910765926315599,0.5715025444614119
1.6397853554344757,-2.680457885822794,3.876675885336702,-2.851984723482132,0.6527537215427087
1.5491809327089059,-2.710639537983013,3.794952465768091,-2.7875073959458674,0.6811702765890514
1.4607091543475872,-2.746595783869369,3.927738631596454,-2.724301340082986,0.6358917109518986
1.3745748526643782,-2.787848783598224,3.9739659843270165,-2.6660160372908965,0.6211836517102182
1.2910724788476364,-2.834177883623181,4.158413837581367,-2.6046203972447657,0.5527336959854501
1.21002493615475,-2.884701024512782,4.335020835542569,-2.5681528317749427,0.2885026360272426
1.1304623711133943,-2.937520747720337,4.504709274147244,-2.544140635041606,0.2092018698551974
1.0519637646569027,-2.991912499540417,4.668233675019727,-2.5287498482165316,0.10842876826632734
0.9740425204316899,-3.0471282033655176,4.8262206377856565,-2.5220920808038327,0.0760515180403518
0.8965493963580085,-3.1029424819684275,4.979197289181077,-2.512069208011127,0.11442238238909617
0.8196476031420104,-3.1595685668238898,5.127612080158579,-2.5026424572810173,0.05344292151878051
0.743017334304877,-3.216562876665208,5.271850305593682,-2.5036243615115783,-0.07706393189555459
0.6659752150314954,-3.272997429041096,5.352296256798543,-2.5165689406298255,-0.15837433254950622
0.5881222149091371,-3.3283091404914047,5.171757459562436,-2.530872044565667,-0.13779156430132808
0.5095512982428962,-3.3825957907827795,4.984684064265227,-2.542601268223628,-0.1066481172490276
0.43042950493853943,-3.4360767381297777,4.7903105557510255,-2.551507227261883,-0.08907991763111643
0.35086155205531133,-3.488891171781707,4.587709147334833,-2.5587833104052673,-0.02903361477297365
0.2711266913453322,-3.5414532550442885,4.375737105967371,-2.5597072510246637,-0.09169633553783028
0.19088791317171278,-3.5932450721881835,4.152959814462416,-2.5814375810700385,-0.36368789956294323
0.10890330141494152,-3.642225336573864,3.9175343292101097,-2.628718272885721,-0.6172765894032141
0.024203918025808104,-3.6863406516806925,3.667025391313742,-2.695822276772859,-0.729525669488376
-0.06325904931495009,-3.724668968945105,3.8661447490413114,-2.754845055024558,-0.3519440640849264
-0.15202257171365674,-3.7599199736398705,4.055499379921011,-2.768404517437377,-0.08160680357755856
-0.24107882347144335,-3.794404062881206,4.236398850502595,-2.7759665912389324,-0.0835139528313641
-0.330394331377911,-3.8282156350022274,4.409883810321958,-2.78257252562301,-0.03621315120077391
-0.4198599804875183,-3.8616278382570854,4.5767974852007285,-2.786991777964311,-0.09703307216041877
-0.5096259623279628,-3.8942228496211815,4.7378344441885805,-2.800997150310731,-0.18941085465743476
-0.5999873152706579,-3.9251329308305167,4.893574891686007,-2.825511771652493,-0.3390519872939771
-0.6912470010498516,-3.953271677015339,4.9344893321230145,-2.8589315266265607,-0.3252446843241865
-0.7833805204121024,-3.978413361366713,4.738057087967159,-2.8930622477948433,-0.4109380737587297
-0.876381277062018,-4.000117069029513,4.533120886192628,-2.9300564766218056,-0.3348341485200697
-0.9700549767659618,-4.0187074196720305,4.318470211641599,-2.961377083081206,-0.33123786800970667
-1.064320692996379,-4.034032660078427,4.09257681282048,-3.0038645897454312,-0.5856991411264402
-1.1592420059068635,-4.0445139753114585,4.271906479411252,-3.057166299806727,-0.48326161360771397
-1.2545529995071474,-4.050537740053824,4.4440055095415705,-3.098188249019536,-0.3797019066028476
-1.3500175151474354,-4.053177346242881,4.609683825256981,-3.127213591967993,-0.22535346934836392
-1.445517827466337,-4.05364759139283,4.76961056783841,3.137980898691652,-0.16037264038650803
-1.541013801393211,-4.0526751152242655,4.924346146326012,3.1260307778879555,-0.08729884190634815
-1.6364979325874074,-4.050874430983111,5.074365474503767,3.120088464006164,-0.0429923356620383
-1.7319759737841751,-4.048775274678971,5.22007518804431,3.1213136973934894,0.08396003680718633
-1.8274648488310918,-4.047258721322852,5.361826644795208,3.1295771766660354,0.06669711530776114
-1.9229618309329788,-4.046374038232054,5.499925905758716,3.134744586853528,0.04380790910206871
-2.018461701495167,-4.045901838962556,5.634641512007293,3.1384400409479922,0.03548725644593604
-2.1139626229852913,-4.045750462153375,5.766210624737518,3.1414244099491877,0.02638776440586098
-2.2094636213659857,-4.045840353511268,5.894843930829368,-3.1396855575877964,0.01726617307821935
-2.304964340304031,-4.046087600294278,6.020729604361571,-3.1384663958761476,0.00820846811066218
-2.40046483596995,-4.046409728206796,6.144036537068756,-3.138117563716813,-0.000888689755314454
-2.4959653590073465,-4.046723757971844,6.2649169961649,-3.138635616076935,-0.009958324901184545
-2.591466136949474,-4.04694693321659,6.383508828915006,-3.140021304330911,-0.019089320869183052
-2.6869671694085304,-4.046996081097142,6.499937304992705,3.140908020812259,-0.02804876768924654
-2.7824679719133942,-4.0467892285388025,6.614316666809643,3.1377942914707644,-0.03756196103868364
-2.8779674759926097,-4.046237323009192,6.726751442474727,3.133555937044522,-0.05562749306230341
-2.973462554815285,-4.045179702393567,6.837337564347385,3.127401234202316,-0.05800794308129138
-3.0689509241933814,-4.043619688312469,6.946163327250218,3.12404102787239,0.002044055721342997
-3.164439380124171,-4.042075219784677,7.053310213568933,3.1274093839565382,0.03844355050085319
-3.259932709841458,-4.040857253477127,7.158853607166152,3.130002015031324,0.02227438126637604
-3.3554284091175948,-4.039848926651942,7.262863413890958,3.1320422990011334,0.02083293374262247
-3.450925951083179,-4.039031056279442,7.365404603199734,3.1340045752976273,0.02016295266665986
-3.5464248842687387,-4.038396915002999,7.466537682810944,3.135885837431632,0.019262314723563115
-3.6419248239090716,-4.037938512327335,7.566319116243765,3.1376864246309046,0.01843869350291642
-3.7374254222165444,-4.0376482562878095,7.66480169142267,3.139406780696024,0.017592290069495375
-3.8329263733738785,-4.037518461573749,7.7620348471799465,3.1410470799140016,0.016759059041045066
-3.9284274098370644,-4.037541516454465,7.858064963388621,-3.1405775276358225,0.015925887366469518
-4.023928300677565,-4.037709826781761,7.952935619558089,-3.1390961923115017,0.01509697175743686
-4.1194288494772255,-4.038015834756227,8.0,-3.1376937365494126,0.014273499463191924
-4.214928892338506,-4.038452022015632,8.0,-3.1363699385006925,0.01344972029391287
-4.31042829592328,-4.03901090230193,8.0,-3.1351239508297453,0.01264410729136562
-4.405926955377934,-4.039685029687089,8.0,-3.1339572243580167,0.01178693388282822
-4.501424793563043,-4.040466918709944,8.0,-3.1328634654201912,0.011139995545521307
-4.596921752501395,-4.041349569242972,8.0,-3.1318601265472723,0.009761978500082013
-4.692417822951383,-4.042323918105967,8.0,-3.1308958448874127,0.010950389017374211
-4.787912907916888,-4.043389809216823,7.947403820216277,-3.1301076372768004,0.0032926875507334513
-4.883407294362861,-4.044517389048618,7.8269551858681465,-3.128898562797512,0.033730004098661184
-4.9788990429191635,-4.045857023516245,7.704623772877445,-3.127931090870547,-0.05711471162735402
-5.0743947999375445,-4.046840215904826,7.58031842877252,-3.1330326164954174,0.017534119309152003
-5.169890522144984,-4.0478468486052535,7.453940399653614,-3.12964058560889,0.004498411206811863
-5.265385255103938,-4.048945135777323,7.32538241196924,-3.130592017416406,-0.0070860353004411495
-5.360880863998498,-4.049963869897786,7.194527606562386,-3.1314845312751376,-0.018524616672383344
-5.456378099171107,-4.050816055671053,7.061248294854692,-3.1340917253783886,-0.034079822156022004
-5.551877615994602,-4.05135717708912,6.925404499492307,-3.1379850410803356,-0.0480180927990684
-5.647378609215054,-4.051460304542873,6.786842231965341,3.1399140084342694,-0.06253401037585139
-5.742878523800344,-4.050993145350635,6.64539144682902,3.133260091638041,-0.07684737716471766
-5.838372446481835,-4.049825105564813,6.500863595060913,3.1252345286848047,-0.09122093827311582
-5.933852570949275,-4.047825234107117,6.353048676154489,3.1158390107717557,-0.10547543274286415
-6.029307744048436,-4.04486371779661,6.201711657404616,3.1050877255511646,-0.11984468437903771
-6.124722700192638,-4.040809800814029,6.046588085986039,3.092951014128491,-0.1336271755040203
-6.22007843406013,-4.035539656481028,5.8873786596063535,3.0795907356680496,-0.14838399716781867
-6.3153490479161665,-4.028913408684804,5.723742436691951,3.064444937424956,-0.16130094852265045
-6.410509665128584,-4.020847726676364,5.555288244689766,3.0497190076864933,-0.17024757654914346
-6.505512097444646,-4.011108339141249,5.381563665105924,3.0271048559470133,-0.2846633281805223
-6.600237166495747,-3.998951445754607,5.202040703568966,3.0011189625136554,-0.2782250077021587
-6.694578635084719,-3.9841279361643425,5.01609683734159,2.968804859003251,-0.33225876446859437
-6.788480645418931,-3.9667161442076644,4.822989475583407,2.9524099288341192,-0.074560547062566
-6.882194368444085,-3.9483314120621182,4.621820797217079,2.9429252922351288,-0.07918484177432746
-6.97579292653185,-3.9293616012126815,4.411488125518226,2.9415594141041486,-0.04993849669534397
-7.069235294337209,-3.9096357669046387,4.190611826641584,2.919987169940008,-0.3933400072557925
-7.161878147803971,-3.886458049900153,3.9574268763412817,2.8687427757126938,-0.6263866833110849
-7.253030251475937,-3.857965000382993,3.8867265928675154,2.8082005398629084,-0.6493821624516157
-7.342230069087597,-3.823853320398002,3.7048801108094476,2.743482068677537,-0.7146939109226228
-7.428886279966918,-3.783712759668334,3.4556296533983595,2.6704621323326703,-0.8215123458956517
-7.5121248698633405,-3.736910035510824,3.4273884410118813,2.587742330489461,-0.8351064382437753
-7.591439807792073,-3.6837159727759494,3.5279725167358387,2.516447306489144,-0.6800330995910547
-7.6671034484543075,-3.6254263727448555,3.247551397413659,2.4530077219203985,-0.7787144717146893
-7.738048992435387,-3.5615130502727794,2.9405084728399284,2.3574574389691927,-1.1345502983208537
-7.801801700488451,-3.490410920487951,2.8786887587089027,2.2451414540865056,-1.1838024017617406
-7.857182653281596,-3.412622389770198,3.104483215240073,2.136372450856061,-1.0178644547555653
-7.904769287540855,-3.3298145367452667,3.3373366677198364,2.051075906922988,-0.8510007746561546
-7.9454105760038685,-3.2433965995719256,3.403892070520888,1.9697876813321693,-0.8466753814798678
-7.978984525488274,-3.153997031539074,3.617524184819637,1.8922927672145229,-0.7279564418398606
-8.006222240159861,-3.0624561298329653,3.8192252130183393,1.8285565975716171,-0.6651997161427572
-8.027657870032947,-2.969398647331551,4.0107955853863935,1.768512742330073,-0.5094808165734813
-8.044505313195842,-2.875392410363428,4.193623877716621,1.7303012919465377,-0.3366802416238875
-8.058306384532571,-2.7808947871149177,4.36880775815954,1.702924654020056,-0.23673969012496218
-8.069936640398835,-2.686103350632677,4.537232772048949,1.6833299217915516,-0.201999995563399
-8.079727773207491,-2.591105917467849,4.699625647618647,1.663681632671862,-0.2015613481202982
-8.087693019991969,-2.4959372751212228,4.856591523667086,1.6451115839205175,-0.18930994745124768
-8.093934758355323,-2.400640378003261,5.008640656680711,1.6274308261116288,-0.1803401346255026
-8.098535112655984,-2.305250070730491,5.1562080279751115,1.610705185979451,-0.1700097508979332
-8.101586000330771,-2.209797687666774,5.29966802995763,1.5949523534433134,-0.1598128230167567
-8.103179908599579,-2.114309864656861,5.439345661727611,1.5801877699949554,-0.14937146308290183
-8.103411587383327,-2.018809034495733,5.575525197481846,1.5664239443091492,-0.1388560529750678
-8.102376910458048,-1.923313537878869,5.708456991845956,1.5536683615113558,-0.12826774505137334
-8.10017257458206,-1.8278378891933025,5.838362889351344,1.5419255820676783,-0.11765044595966018
-8.09689566942336,-1.732393042273663,5.965440572812286,1.53119719447685,-0.10702598914120173
-8.092643398094335,-1.6369866820493324,6.089867094424555,1.5214832431345657,-0.09640831695477006
-8.087512807881824,-1.5416235287884241,6.155771619355473,1.5127798351199364,-0.08586054168654045
-8.081600634500337,-1.446305645963716,5.999460328201388,1.5050897762378228,-0.0751846719497454
-8.075003366201281,-1.3510327314303665,5.838966024020204,1.4983908930782235,-0.06514310535865526
-8.067816003599317,-1.255802535293515,5.673933752667748,1.4927352192241918,-0.05307197406730985
-8.060138062946992,-1.1606105888149567,5.5039553259144745,1.4879554243348165,-0.04821353393521263
-8.052046577258176,-1.0654530606028547,5.328557424825439,1.484500356448602,-0.018707005648553654
-8.043709642359662,-0.9703162794441775,5.147186049645215,1.4812232357225668,-0.07351466007926478
-8.034792414799108,-0.8752331219946705,4.959185843428568,1.4742015806781168,-0.03477761972969035
-8.02539973231385,-0.780193922841127,4.763772058953106,1.4677712053485048,-0.17081665621754105
-8.014683618700692,-0.6852981159287382,4.559991691841369,1.4503332641992541,-0.1185573121617533
-8.002579484502727,-0.5905640646592558,4.346668175702202,1.4327701981450087,-0.3430196623409833
-7.98750376189001,-0.4962631494052779,4.122320248314329,1.3895114010401513,-0.5070279069685738
-7.967848326820897,-0.4028051609290838,3.885038510705179,1.335112910504795,-0.6499466100300717
-7.9425151104112715,-0.31072865943792904,3.714592445598296,1.2687475203861804,-0.7109614521064874
-7.910960994466305,-0.2205926413632753,3.4588948837629214,1.1983093124117465,-0.7727257330469083
-7.872731522289245,-0.13307467903197764,3.172373530484913,1.1161481720499922,-0.9747649993734948
-7.826757491985629,-0.049374513949660775,3.1998542209460354,1.021625500291665,-0.9580941043853255
-7.77326184939341,0.029739392722799813,3.1326417588406366,0.9308116056641277,-0.9533534432767746
-7.71257954898315,0.10348467487378613,2.813084497350223,0.8286500000596844,-1.2396614677553166
-7.643728493804977,0.16966022530980823,2.6109191915319996,0.6996414050052833,-1.439069751149519
-7.566669973894844,0.22605061905435955,2.6550179143032766,0.5661945882562444,-1.3194148962002035
-7.482659714723474,0.2714921159190148,2.2691672757360397,0.4153188473807541,-1.9051788678872517
